rank,type,identifier,lat,lon,metric,description
,OVERALL_STATS,,,,Max Flow: 5343.00,Total bottlenecks: 76 nodes
,MIN_CUT_BOTTLENECKS,,,,,Top 10 bottlenecks from min-cut analysis
1,Min-Cut Node,US-CO-013,40.0713,-105.1867,Capacity: 1388,Component 5
2,Min-Cut Node,US-CO-123,40.4713,-104.6276,Capacity: 1070,Component 5
3,Min-Cut Node,US-CO-087,40.3700,-104.0921,Capacity: 566,Component 5
4,Min-Cut Node,US-CO-001,39.9015,-104.8244,Capacity: 503,Component 5
5,Min-Cut Node,US-NE-031,42.9147,-101.6763,Capacity: 211,Component 5
6,Min-Cut Node,US-NE-149,42.7078,-99.4505,Capacity: 204,Component 5
7,Min-Cut Node,US-AK-195,56.6949,-132.8262,Capacity: 145,Component 3
8,Min-Cut Node,US-CO-109,37.9236,-105.9588,Capacity: 123,Component 5
9,Min-Cut Node,US-NE-089,42.3616,-98.8503,Capacity: 121,Component 5
10,Min-Cut Node,US-SD-033,43.6716,-103.0093,Capacity: 100,Component 5
,COMMUNITY_ANALYSIS,,,,,Top 10 communities by bottleneck density
1,Community,Comm_1.0,N/A,N/A,Density: 0.667,"2 bottlenecks, 3 nodes (Comp 2)"
2,Community,Comm_0.0,N/A,N/A,Density: 0.667,"2 bottlenecks, 3 nodes (Comp 3)"
3,Community,Comm_3.0,N/A,N/A,Density: 0.380,"19 bottlenecks, 50 nodes (Comp 5)"
4,Community,Comm_3.0,N/A,N/A,Density: 0.333,"1 bottlenecks, 3 nodes (Comp 1)"
5,Community,Comm_0.0,N/A,N/A,Density: 0.333,"1 bottlenecks, 3 nodes (Comp 10)"
6,Community,Comm_2.0,N/A,N/A,Density: 0.179,"29 bottlenecks, 162 nodes (Comp 5)"
7,Community,Comm_9.0,N/A,N/A,Density: 0.147,"15 bottlenecks, 102 nodes (Comp 5)"
8,Community,Comm_0.0,N/A,N/A,Density: 0.067,"1 bottlenecks, 15 nodes (Comp 7)"
9,Community,Comm_4.0,N/A,N/A,Density: 0.020,"4 bottlenecks, 201 nodes (Comp 5)"
10,Community,Comm_8.0,N/A,N/A,Density: 0.008,"1 bottlenecks, 127 nodes (Comp 5)"
