rank,type,identifier,lat,lon,metric,description
,OVERALL_STATS,,,,Max Flow: 7729.00,Total bottlenecks: 68 nodes
,MIN_CUT_BOTTLENECKS,,,,,Top 10 bottlenecks from min-cut analysis
1,Min-Cut Node,US-WY-005,44.2697,-105.5236,Capacity: 3500,Component 10
2,Min-Cut Node,US-WY-045,43.8699,-104.1742,Capacity: 1565,Component 10
3,Min-Cut Node,US-WY-017,43.7009,-108.1770,Capacity: 388,Component 10
4,Min-Cut Node,US-SD-033,43.6366,-103.4658,Capacity: 331,Component 10
5,Min-Cut Node,US-IL-007,42.2902,-88.8252,Capacity: 244,Component 10
6,Min-Cut Node,US-SD-043,43.3212,-98.3477,Capacity: 210,Component 10
7,Min-Cut Node,US-CO-087,40.3781,-104.0657,Capacity: 205,Component 10
8,Min-Cut Node,US-CO-014,39.9371,-105.0741,Capacity: 141,Component 10
9,Min-Cut Node,US-WY-021,41.1437,-104.7318,Capacity: 121,Component 10
10,Min-Cut Node,US-CO-115,40.9295,-102.6425,Capacity: 115,Component 10
,COMMUNITY_ANALYSIS,,,,,Top 10 communities by bottleneck density
1,Community,Comm_0.0,N/A,N/A,Density: 0.500,"1 bottlenecks, 2 nodes (Comp 5)"
2,Community,Comm_1.0,N/A,N/A,Density: 0.500,"1 bottlenecks, 2 nodes (Comp 11)"
3,Community,Comm_0.0,N/A,N/A,Density: 0.500,"1 bottlenecks, 2 nodes (Comp 15)"
4,Community,Comm_0.0,N/A,N/A,Density: 0.333,"1 bottlenecks, 3 nodes (Comp 3)"
5,Community,Comm_0.0,N/A,N/A,Density: 0.333,"1 bottlenecks, 3 nodes (Comp 4)"
6,Community,Comm_0.0,N/A,N/A,Density: 0.250,"1 bottlenecks, 4 nodes (Comp 1)"
7,Community,Comm_8.0,N/A,N/A,Density: 0.242,"15 bottlenecks, 62 nodes (Comp 10)"
8,Community,Comm_10.0,N/A,N/A,Density: 0.123,"19 bottlenecks, 154 nodes (Comp 10)"
9,Community,Comm_2.0,N/A,N/A,Density: 0.111,"3 bottlenecks, 27 nodes (Comp 10)"
10,Community,Comm_3.0,N/A,N/A,Density: 0.093,"9 bottlenecks, 97 nodes (Comp 10)"
