rank,type,identifier,lat,lon,metric,description
,OVERALL_STATS,,,,Max Flow: 71318.00,Total bottlenecks: 112 nodes
,MIN_CUT_BOTTLENECKS,,,,,Top 10 bottlenecks from min-cut analysis
1,Min-Cut Node,US-GA-193,32.3423,-83.9325,Capacity: 45729,Component 8
2,Min-Cut Node,US-GA-113,33.3931,-84.4409,Capacity: 4103,Component 8
3,Min-Cut Node,US-CA-061,38.8820,-121.2115,Capacity: 1823,Component 8
4,Min-Cut Node,US-SC-027,33.5393,-80.4362,Capacity: 1784,Component 8
5,Min-Cut Node,US-GA-293,32.7449,-84.2149,Capacity: 1780,Component 8
6,Min-Cut Node,US-LA-067,32.5840,-91.8204,Capacity: 1253,Component 8
7,Min-Cut Node,US-GA-027,30.8197,-83.5275,Capacity: 1046,Component 8
8,Min-Cut Node,US-TX-309,31.5421,-97.1541,Capacity: 1016,Component 8
9,Min-Cut Node,US-GA-081,31.9602,-83.9107,Capacity: 778,Component 8
10,Min-Cut Node,US-WY-013,42.8982,-108.6604,Capacity: 748,Component 8
,COMMUNITY_ANALYSIS,,,,,Top 10 communities by bottleneck density
1,Community,Comm_0.0,N/A,N/A,Density: 0.667,"2 bottlenecks, 3 nodes (Comp 4)"
2,Community,Comm_0.0,N/A,N/A,Density: 0.500,"1 bottlenecks, 2 nodes (Comp 10)"
3,Community,Comm_0.0,N/A,N/A,Density: 0.400,"2 bottlenecks, 5 nodes (Comp 3)"
4,Community,Comm_2.0,N/A,N/A,Density: 0.333,"1 bottlenecks, 3 nodes (Comp 4)"
5,Community,Comm_0.0,N/A,N/A,Density: 0.333,"1 bottlenecks, 3 nodes (Comp 16)"
6,Community,Comm_0.0,N/A,N/A,Density: 0.333,"1 bottlenecks, 3 nodes (Comp 17)"
7,Community,Comm_0.0,N/A,N/A,Density: 0.315,"17 bottlenecks, 54 nodes (Comp 8)"
8,Community,Comm_7.0,N/A,N/A,Density: 0.169,"28 bottlenecks, 166 nodes (Comp 8)"
9,Community,Comm_1.0,N/A,N/A,Density: 0.155,"27 bottlenecks, 174 nodes (Comp 8)"
10,Community,Comm_2.0,N/A,N/A,Density: 0.112,"22 bottlenecks, 196 nodes (Comp 8)"
