rank,type,identifier,lat,lon,metric,description
,OVERALL_STATS,,,,Max Flow: 45998.00,Total bottlenecks: 101 nodes
,MIN_CUT_BOTTLENECKS,,,,,Top 10 bottlenecks from min-cut analysis
1,Min-Cut Node,US-GA-193,32.3496,-83.9226,Capacity: 23254,Component 6
2,Min-Cut Node,US-AK-020,61.1537,-149.8777,Capacity: 2542,Component 3
3,Min-Cut Node,US-CA-093,41.7003,-122.2172,Capacity: 1976,Component 6
4,Min-Cut Node,US-GA-261,31.9619,-84.0199,Capacity: 1579,Component 6
5,Min-Cut Node,US-AK-170,61.6982,-149.6434,Capacity: 1401,Component 3
6,Min-Cut Node,US-WY-013,42.9545,-108.6994,Capacity: 1238,Component 6
7,Min-Cut Node,US-TX-363,32.8400,-98.3107,Capacity: 985,Component 6
8,Min-Cut Node,US-SC-027,33.5403,-80.4360,Capacity: 979,Component 6
9,Min-Cut Node,US-OR-035,42.5138,-121.7950,Capacity: 926,Component 6
10,Min-Cut Node,US-UT-005,41.7202,-111.8848,Capacity: 865,Component 6
,COMMUNITY_ANALYSIS,,,,,Top 10 communities by bottleneck density
1,Community,Comm_3.0,N/A,N/A,Density: 1.000,"2 bottlenecks, 2 nodes (Comp 6)"
2,Community,Comm_0.0,N/A,N/A,Density: 0.429,"3 bottlenecks, 7 nodes (Comp 3)"
3,Community,Comm_1.0,N/A,N/A,Density: 0.429,"3 bottlenecks, 7 nodes (Comp 3)"
4,Community,Comm_2.0,N/A,N/A,Density: 0.371,"23 bottlenecks, 62 nodes (Comp 6)"
5,Community,Comm_0.0,N/A,N/A,Density: 0.333,"1 bottlenecks, 3 nodes (Comp 4)"
6,Community,Comm_6.0,N/A,N/A,Density: 0.264,"24 bottlenecks, 91 nodes (Comp 6)"
7,Community,Comm_1.0,N/A,N/A,Density: 0.250,"1 bottlenecks, 4 nodes (Comp 4)"
8,Community,Comm_5.0,N/A,N/A,Density: 0.153,"19 bottlenecks, 124 nodes (Comp 6)"
9,Community,Comm_4.0,N/A,N/A,Density: 0.083,"13 bottlenecks, 156 nodes (Comp 6)"
10,Community,Comm_9.0,N/A,N/A,Density: 0.066,"10 bottlenecks, 151 nodes (Comp 6)"
