rank,type,identifier,lat,lon,metric,description
,OVERALL_STATS,,,,Max Flow: 25333.00,Total bottlenecks: 99 nodes
,MIN_CUT_BOTTLENECKS,,,,,Top 10 bottlenecks from min-cut analysis
1,Min-Cut Node,US-WA-015,45.9263,-122.8039,Capacity: 4919,Component 26
2,Min-Cut Node,US-AK-090,64.8446,-147.7062,Capacity: 3827,Component 3
3,Min-Cut Node,US-GA-193,32.3162,-83.9642,Capacity: 1819,Component 12
4,Min-Cut Node,US-TX-353,32.3530,-100.3958,Capacity: 1700,Component 12
5,Min-Cut Node,US-GA-177,31.7912,-84.0691,Capacity: 1604,Component 12
6,Min-Cut Node,US-GA-173,31.0345,-83.0968,Capacity: 1006,Component 12
7,Min-Cut Node,US-TX-439,32.6305,-97.4119,Capacity: 761,Component 12
8,Min-Cut Node,US-GA-077,33.3704,-84.6202,Capacity: 672,Component 12
9,Min-Cut Node,US-MS-059,30.4446,-88.7653,Capacity: 655,Component 12
10,Min-Cut Node,US-OK-031,34.7068,-98.6318,Capacity: 612,Component 12
,COMMUNITY_ANALYSIS,,,,,Top 10 communities by bottleneck density
1,Community,Comm_1.0,N/A,N/A,Density: 1.000,"2 bottlenecks, 2 nodes (Comp 8)"
2,Community,Comm_0.0,N/A,N/A,Density: 0.500,"1 bottlenecks, 2 nodes (Comp 5)"
3,Community,Comm_0.0,N/A,N/A,Density: 0.500,"1 bottlenecks, 2 nodes (Comp 16)"
4,Community,Comm_0.0,N/A,N/A,Density: 0.500,"1 bottlenecks, 2 nodes (Comp 23)"
5,Community,Comm_0.0,N/A,N/A,Density: 0.500,"1 bottlenecks, 2 nodes (Comp 26)"
6,Community,Comm_1.0,N/A,N/A,Density: 0.333,"1 bottlenecks, 3 nodes (Comp 3)"
7,Community,Comm_0.0,N/A,N/A,Density: 0.333,"1 bottlenecks, 3 nodes (Comp 13)"
8,Community,Comm_5.0,N/A,N/A,Density: 0.302,"29 bottlenecks, 96 nodes (Comp 12)"
9,Community,Comm_14.0,N/A,N/A,Density: 0.210,"22 bottlenecks, 105 nodes (Comp 12)"
10,Community,Comm_1.0,N/A,N/A,Density: 0.200,"9 bottlenecks, 45 nodes (Comp 12)"
