rank,type,identifier,lat,lon,metric,description
,OVERALL_STATS,,,,Max Flow: 36948.00,Total bottlenecks: 112 nodes
,MIN_CUT_BOTTLENECKS,,,,,Top 10 bottlenecks from min-cut analysis
1,Min-Cut Node,US-GA-193,32.3475,-83.9158,Capacity: 11738,Component 6
2,Min-Cut Node,US-AK-090,64.8496,-147.7004,Capacity: 3197,Component 1
3,Min-Cut Node,US-NM-037,35.2303,-103.6273,Capacity: 2724,Component 6
4,Min-Cut Node,US-GA-261,31.9415,-84.0077,Capacity: 2495,Component 6
5,Min-Cut Node,US-GA-153,32.4146,-83.7846,Capacity: 1731,Component 6
6,Min-Cut Node,US-SC-027,33.5395,-80.4363,Capacity: 1589,Component 6
7,Min-Cut Node,US-GA-093,32.2790,-83.8390,Capacity: 1362,Component 6
8,Min-Cut Node,US-ID-027,43.7166,-116.9266,Capacity: 1166,Component 6
9,Min-Cut Node,US-GA-113,33.3865,-84.4392,Capacity: 833,Component 6
10,Min-Cut Node,US-WY-013,42.9160,-108.6591,Capacity: 771,Component 6
,COMMUNITY_ANALYSIS,,,,,Top 10 communities by bottleneck density
1,Community,Comm_1.0,N/A,N/A,Density: 0.667,"2 bottlenecks, 3 nodes (Comp 3)"
2,Community,Comm_1.0,N/A,N/A,Density: 0.500,"1 bottlenecks, 2 nodes (Comp 1)"
3,Community,Comm_3.0,N/A,N/A,Density: 0.500,"1 bottlenecks, 2 nodes (Comp 1)"
4,Community,Comm_0.0,N/A,N/A,Density: 0.500,"1 bottlenecks, 2 nodes (Comp 2)"
5,Community,Comm_0.0,N/A,N/A,Density: 0.500,"1 bottlenecks, 2 nodes (Comp 11)"
6,Community,Comm_1.0,N/A,N/A,Density: 0.397,"23 bottlenecks, 58 nodes (Comp 6)"
7,Community,Comm_0.0,N/A,N/A,Density: 0.333,"1 bottlenecks, 3 nodes (Comp 7)"
8,Community,Comm_9.0,N/A,N/A,Density: 0.300,"3 bottlenecks, 10 nodes (Comp 6)"
9,Community,Comm_5.0,N/A,N/A,Density: 0.245,"34 bottlenecks, 139 nodes (Comp 6)"
10,Community,Comm_2.0,N/A,N/A,Density: 0.200,"1 bottlenecks, 5 nodes (Comp 1)"
