rank,type,identifier,lat,lon,metric,description
,OVERALL_STATS,,,,Max Flow: 6049.00,Total bottlenecks: 58 nodes
,MIN_CUT_BOTTLENECKS,,,,,Top 10 bottlenecks from min-cut analysis
1,Min-Cut Node,US-FL-021,26.3466,-81.5420,Capacity: 829,Component 10
2,Min-Cut Node,US-FL-071,26.6300,-81.7195,Capacity: 753,Component 10
3,Min-Cut Node,US-AK-020,61.1404,-149.9226,Capacity: 577,Component 1
4,Min-Cut Node,US-FL-099,26.7515,-80.2077,Capacity: 567,Component 10
5,Min-Cut Node,US-WY-017,43.7412,-108.1652,Capacity: 449,Component 9
6,Min-Cut Node,US-WY-011,44.3832,-104.8942,Capacity: 402,Component 9
7,Min-Cut Node,US-WY-005,44.4749,-105.5982,Capacity: 400,Component 9
8,Min-Cut Node,US-AK-170,61.6227,-149.4200,Capacity: 303,Component 1
9,Min-Cut Node,US-NE-161,42.6269,-102.4274,Capacity: 303,Component 9
10,Min-Cut Node,US-FL-086,25.5105,-80.4188,Capacity: 281,Component 10
,COMMUNITY_ANALYSIS,,,,,Top 10 communities by bottleneck density
1,Community,Comm_0.0,N/A,N/A,Density: 0.667,"2 bottlenecks, 3 nodes (Comp 1)"
2,Community,Comm_1.0,N/A,N/A,Density: 0.333,"1 bottlenecks, 3 nodes (Comp 1)"
3,Community,Comm_0.0,N/A,N/A,Density: 0.333,"1 bottlenecks, 3 nodes (Comp 5)"
4,Community,Comm_1.0,N/A,N/A,Density: 0.250,"3 bottlenecks, 12 nodes (Comp 10)"
5,Community,Comm_0.0,N/A,N/A,Density: 0.211,"4 bottlenecks, 19 nodes (Comp 10)"
6,Community,Comm_0.0,N/A,N/A,Density: 0.200,"1 bottlenecks, 5 nodes (Comp 11)"
7,Community,Comm_5.0,N/A,N/A,Density: 0.176,"24 bottlenecks, 136 nodes (Comp 9)"
8,Community,Comm_1.0,N/A,N/A,Density: 0.101,"15 bottlenecks, 148 nodes (Comp 9)"
9,Community,Comm_2.0,N/A,N/A,Density: 0.052,"6 bottlenecks, 116 nodes (Comp 9)"
10,Community,Comm_6.0,N/A,N/A,Density: 0.005,"1 bottlenecks, 211 nodes (Comp 9)"
