rank,type,identifier,lat,lon,metric,description
,OVERALL_STATS,,,,Max Flow: 73416.00,Total bottlenecks: 90 nodes
,MIN_CUT_BOTTLENECKS,,,,,Top 10 bottlenecks from min-cut analysis
1,Min-Cut Node,US-GA-193,32.3470,-83.9270,Capacity: 45641,Component 13
2,Min-Cut Node,US-WA-015,45.8984,-122.7760,Capacity: 7494,Component 27
3,Min-Cut Node,US-AK-122,60.0839,-151.3024,Capacity: 2867,Component 3
4,Min-Cut Node,US-GA-081,31.9049,-83.8394,Capacity: 2651,Component 13
5,Min-Cut Node,US-SC-027,33.5383,-80.4324,Capacity: 1587,Component 13
6,Min-Cut Node,US-GA-173,31.0020,-83.0857,Capacity: 1450,Component 13
7,Min-Cut Node,US-GA-261,31.9424,-84.0108,Capacity: 1210,Component 13
8,Min-Cut Node,US-GA-063,33.4961,-84.3305,Capacity: 889,Component 13
9,Min-Cut Node,US-MS-059,30.4419,-88.7494,Capacity: 885,Component 13
10,Min-Cut Node,US-FL-023,30.1607,-82.6817,Capacity: 673,Component 13
,COMMUNITY_ANALYSIS,,,,,Top 10 communities by bottleneck density
1,Community,Comm_1.0,N/A,N/A,Density: 0.500,"1 bottlenecks, 2 nodes (Comp 6)"
2,Community,Comm_1.0,N/A,N/A,Density: 0.500,"1 bottlenecks, 2 nodes (Comp 20)"
3,Community,Comm_0.0,N/A,N/A,Density: 0.500,"1 bottlenecks, 2 nodes (Comp 21)"
4,Community,Comm_0.0,N/A,N/A,Density: 0.500,"1 bottlenecks, 2 nodes (Comp 25)"
5,Community,Comm_1.0,N/A,N/A,Density: 0.333,"2 bottlenecks, 6 nodes (Comp 3)"
6,Community,Comm_0.0,N/A,N/A,Density: 0.333,"1 bottlenecks, 3 nodes (Comp 2)"
7,Community,Comm_0.0,N/A,N/A,Density: 0.333,"1 bottlenecks, 3 nodes (Comp 18)"
8,Community,Comm_0.0,N/A,N/A,Density: 0.250,"1 bottlenecks, 4 nodes (Comp 6)"
9,Community,Comm_0.0,N/A,N/A,Density: 0.250,"1 bottlenecks, 4 nodes (Comp 17)"
10,Community,Comm_1.0,N/A,N/A,Density: 0.234,"11 bottlenecks, 47 nodes (Comp 13)"
