rank,type,identifier,lat,lon,metric,description
,OVERALL_STATS,,,,Max Flow: 11512.00,Total bottlenecks: 99 nodes
,MIN_CUT_BOTTLENECKS,,,,,Top 10 bottlenecks from min-cut analysis
1,Min-Cut Node,US-NE-045,42.7185,-103.4006,Capacity: 1600,Component 10
2,Min-Cut Node,US-WY-011,44.4028,-104.6878,Capacity: 1547,Component 10
3,Min-Cut Node,US-GA-057,34.2078,-84.5493,Capacity: 1332,Component 10
4,Min-Cut Node,US-AK-122,59.9606,-151.3857,Capacity: 1071,Component 2
5,Min-Cut Node,US-WY-045,43.6772,-104.1827,Capacity: 930,Component 10
6,Min-Cut Node,US-NE-165,42.6791,-103.5158,Capacity: 850,Component 10
7,Min-Cut Node,US-GA-171,33.1260,-84.1385,Capacity: 550,Component 10
8,Min-Cut Node,US-LA-067,32.5827,-91.8247,Capacity: 302,Component 10
9,Min-Cut Node,US-SD-065,44.3373,-100.2745,Capacity: 250,Component 10
10,Min-Cut Node,US-NE-157,41.7877,-103.6094,Capacity: 231,Component 10
,COMMUNITY_ANALYSIS,,,,,Top 10 communities by bottleneck density
1,Community,Comm_0.0,N/A,N/A,Density: 0.500,"1 bottlenecks, 2 nodes (Comp 11)"
2,Community,Comm_0.0,N/A,N/A,Density: 0.333,"1 bottlenecks, 3 nodes (Comp 2)"
3,Community,Comm_0.0,N/A,N/A,Density: 0.333,"1 bottlenecks, 3 nodes (Comp 3)"
4,Community,Comm_0.0,N/A,N/A,Density: 0.333,"1 bottlenecks, 3 nodes (Comp 4)"
5,Community,Comm_7.0,N/A,N/A,Density: 0.282,"22 bottlenecks, 78 nodes (Comp 10)"
6,Community,Comm_2.0,N/A,N/A,Density: 0.235,"40 bottlenecks, 170 nodes (Comp 10)"
7,Community,Comm_1.0,N/A,N/A,Density: 0.200,"1 bottlenecks, 5 nodes (Comp 2)"
8,Community,Comm_2.0,N/A,N/A,Density: 0.182,"2 bottlenecks, 11 nodes (Comp 12)"
9,Community,Comm_1.0,N/A,N/A,Density: 0.114,"4 bottlenecks, 35 nodes (Comp 10)"
10,Community,Comm_3.0,N/A,N/A,Density: 0.090,"17 bottlenecks, 189 nodes (Comp 10)"
