rank,type,identifier,lat,lon,metric,description
,OVERALL_STATS,,,,Max Flow: 46069.00,Total bottlenecks: 96 nodes
,MIN_CUT_BOTTLENECKS,,,,,Top 10 bottlenecks from min-cut analysis
1,Min-Cut Node,US-GA-193,32.3455,-83.9325,Capacity: 23580,Component 10
2,Min-Cut Node,US-AK-020,61.1524,-149.8720,Capacity: 3261,Component 2
3,Min-Cut Node,US-OK-075,34.8232,-99.0988,Capacity: 2762,Component 10
4,Min-Cut Node,US-AK-170,61.6469,-149.5104,Capacity: 2293,Component 2
5,Min-Cut Node,US-TX-221,32.4272,-97.7328,Capacity: 1824,Component 10
6,Min-Cut Node,US-GA-261,31.9958,-84.0705,Capacity: 954,Component 10
7,Min-Cut Node,US-ID-081,43.7577,-111.1756,Capacity: 952,Component 10
8,Min-Cut Node,US-SC-027,33.5416,-80.4355,Capacity: 791,Component 10
9,Min-Cut Node,US-TX-035,31.9896,-97.5984,Capacity: 751,Component 10
10,Min-Cut Node,US-GA-089,33.7635,-84.2963,Capacity: 664,Component 10
,COMMUNITY_ANALYSIS,,,,,Top 10 communities by bottleneck density
1,Community,Comm_1.0,N/A,N/A,Density: 0.500,"3 bottlenecks, 6 nodes (Comp 2)"
2,Community,Comm_1.0,N/A,N/A,Density: 0.500,"2 bottlenecks, 4 nodes (Comp 5)"
3,Community,Comm_0.0,N/A,N/A,Density: 0.500,"1 bottlenecks, 2 nodes (Comp 11)"
4,Community,Comm_0.0,N/A,N/A,Density: 0.500,"1 bottlenecks, 2 nodes (Comp 17)"
5,Community,Comm_0.0,N/A,N/A,Density: 0.400,"2 bottlenecks, 5 nodes (Comp 2)"
6,Community,Comm_2.0,N/A,N/A,Density: 0.388,"26 bottlenecks, 67 nodes (Comp 10)"
7,Community,Comm_0.0,N/A,N/A,Density: 0.333,"1 bottlenecks, 3 nodes (Comp 14)"
8,Community,Comm_4.0,N/A,N/A,Density: 0.319,"15 bottlenecks, 47 nodes (Comp 10)"
9,Community,Comm_1.0,N/A,N/A,Density: 0.178,"31 bottlenecks, 174 nodes (Comp 10)"
10,Community,Comm_0.0,N/A,N/A,Density: 0.056,"1 bottlenecks, 18 nodes (Comp 10)"
