rank,type,identifier,lat,lon,metric,description
,OVERALL_STATS,,,,Max Flow: 8239.00,Total bottlenecks: 66 nodes
,MIN_CUT_BOTTLENECKS,,,,,Top 10 bottlenecks from min-cut analysis
1,Min-Cut Node,US-NM-007,36.5824,-104.5841,Capacity: 2604,Component 9
2,Min-Cut Node,US-WY-011,44.4311,-104.6859,Capacity: 1125,Component 9
3,Min-Cut Node,US-SD-033,43.7654,-103.5452,Capacity: 457,Component 9
4,Min-Cut Node,US-AK-020,61.1559,-149.8732,Capacity: 452,Component 1
5,Min-Cut Node,US-SD-065,44.3373,-100.2745,Capacity: 400,Component 9
6,Min-Cut Node,US-SD-103,44.0542,-103.2743,Capacity: 400,Component 9
7,Min-Cut Node,US-AK-170,61.7902,-149.5914,Capacity: 235,Component 1
8,Min-Cut Node,US-FL-019,29.8647,-81.9669,Capacity: 233,Component 11
9,Min-Cut Node,US-SD-093,44.4564,-103.4452,Capacity: 225,Component 9
10,Min-Cut Node,US-NE-149,42.4635,-99.5058,Capacity: 200,Component 9
,COMMUNITY_ANALYSIS,,,,,Top 10 communities by bottleneck density
1,Community,Comm_0.0,N/A,N/A,Density: 0.500,"1 bottlenecks, 2 nodes (Comp 3)"
2,Community,Comm_0.0,N/A,N/A,Density: 0.500,"1 bottlenecks, 2 nodes (Comp 5)"
3,Community,Comm_0.0,N/A,N/A,Density: 0.500,"1 bottlenecks, 2 nodes (Comp 13)"
4,Community,Comm_1.0,N/A,N/A,Density: 0.400,"2 bottlenecks, 5 nodes (Comp 1)"
5,Community,Comm_0.0,N/A,N/A,Density: 0.273,"3 bottlenecks, 11 nodes (Comp 11)"
6,Community,Comm_2.0,N/A,N/A,Density: 0.143,"1 bottlenecks, 7 nodes (Comp 11)"
7,Community,Comm_5.0,N/A,N/A,Density: 0.136,"19 bottlenecks, 140 nodes (Comp 9)"
8,Community,Comm_0.0,N/A,N/A,Density: 0.125,"9 bottlenecks, 72 nodes (Comp 9)"
9,Community,Comm_6.0,N/A,N/A,Density: 0.102,"14 bottlenecks, 137 nodes (Comp 9)"
10,Community,Comm_1.0,N/A,N/A,Density: 0.080,"2 bottlenecks, 25 nodes (Comp 9)"
