rank,type,identifier,lat,lon,metric,description
,OVERALL_STATS,,,,Max Flow: 19032.00,Total bottlenecks: 79 nodes
,MIN_CUT_BOTTLENECKS,,,,,Top 10 bottlenecks from min-cut analysis
1,Min-Cut Node,US-SD-119,44.5799,-99.7981,Capacity: 3700,Component 10
2,Min-Cut Node,US-WY-011,44.5948,-104.7207,Capacity: 2800,Component 10
3,Min-Cut Node,US-CO-077,39.2146,-108.5576,Capacity: 2714,Component 10
4,Min-Cut Node,US-NE-091,42.0381,-101.3030,Capacity: 1800,Component 10
5,Min-Cut Node,US-AK-020,61.1712,-149.9133,Capacity: 1352,Component 2
6,Min-Cut Node,US-ND-085,46.1158,-100.9058,Capacity: 1122,Component 10
7,Min-Cut Node,US-SD-103,44.0276,-102.8418,Capacity: 710,Component 10
8,Min-Cut Node,US-AK-195,56.7870,-132.9310,Capacity: 703,Component 6
9,Min-Cut Node,US-AK-170,61.8292,-149.6572,Capacity: 446,Component 2
10,Min-Cut Node,US-CO-091,38.1743,-107.7417,Capacity: 363,Component 10
,COMMUNITY_ANALYSIS,,,,,Top 10 communities by bottleneck density
1,Community,Comm_0.0,N/A,N/A,Density: 0.500,"1 bottlenecks, 2 nodes (Comp 2)"
2,Community,Comm_2.0,N/A,N/A,Density: 0.500,"1 bottlenecks, 2 nodes (Comp 2)"
3,Community,Comm_0.0,N/A,N/A,Density: 0.500,"1 bottlenecks, 2 nodes (Comp 3)"
4,Community,Comm_0.0,N/A,N/A,Density: 0.333,"1 bottlenecks, 3 nodes (Comp 1)"
5,Community,Comm_0.0,N/A,N/A,Density: 0.333,"1 bottlenecks, 3 nodes (Comp 6)"
6,Community,Comm_0.0,N/A,N/A,Density: 0.333,"1 bottlenecks, 3 nodes (Comp 7)"
7,Community,Comm_0.0,N/A,N/A,Density: 0.333,"1 bottlenecks, 3 nodes (Comp 14)"
8,Community,Comm_3.0,N/A,N/A,Density: 0.259,"7 bottlenecks, 27 nodes (Comp 10)"
9,Community,Comm_9.0,N/A,N/A,Density: 0.190,"11 bottlenecks, 58 nodes (Comp 10)"
10,Community,Comm_5.0,N/A,N/A,Density: 0.144,"31 bottlenecks, 216 nodes (Comp 10)"
